,Corr_Coef,R2,MAE,MSE,RMSE
scores,0.7988780845514819,0.6350961505275283,0.5745664040298746,0.5527886271210379,0.743032066133909
