,Corr_Coef,R2,MAE,MSE,RMSE
scores,0.8457325010420899,0.7139245384688824,0.42890582429768925,0.3396694822932086,0.582161911335089
