,Corr_Coef,R2,MAE,MSE,RMSE
scores,0.8523785507112178,0.7262538139997963,0.8834012086887766,1.533829902675663,1.2380941481023997
