,Corr_Coef,R2,MAE,MSE,RMSE
scores,0.8917505264219001,0.7934456838324081,0.5160291131430502,0.46737633019471103,0.6834783652254541
