,Corr_Coef,R2,MAE,MSE,RMSE
scores,0.8600663810276483,0.739590689120629,0.4963514880345842,0.4415078567604477,0.6640583803906442
