,Corr_Coef,R2,MAE,MSE,RMSE
scores,0.7778944884793452,0.6041221215761413,0.4388307033933363,0.3636043131591812,0.6029454479269687
