,Corr_Coef,R2,MAE,MSE,RMSE
scores,0.7300916872078452,0.5216100829298915,0.5842197398280486,0.5893979514611234,0.7657800045602252
