,Corr_Coef,R2,MAE,MSE,RMSE
scores,0.7079807579481577,0.49874286525656225,0.401447263702436,0.30388157059155724,0.30388157059155724
