,Corr_Coef,R2,MAE,MSE,RMSE
scores,0.7020802443574388,0.48771742262021983,18.47269922077826,617.250351424839,24.80444180000963
