,Corr_Coef,R2,MAE,MSE,RMSE
scores,0.8130161406848945,0.6602391894540192,0.4612352886749388,0.3993710834302326,0.6318406736979264
