,Corr_Coef,R2,MAE,MSE,RMSE
scores,0.7953486780747353,0.6301281297361279,0.48280873809645986,0.4449719044846293,0.6651279934312313
