,Corr_Coef,R2,MAE,MSE,RMSE
scores,0.8663386403275597,0.7495151877984683,0.4986557440662248,0.451462524469404,0.6715151377481327
