,Corr_Coef,R2,MAE,MSE,RMSE
scores,0.8520187465487418,0.7242604877163812,0.4872511624800316,0.4316823119482939,0.6564359006060986
