,Corr_Coef,R2,MAE,MSE,RMSE
scores,0.8677430681611901,0.7525746861011806,0.43809428367935155,0.3493962787721608,0.5906561960261316
