,Corr_Coef,R2,MAE,MSE,RMSE
scores,0.716300512681665,0.4844720960861224,0.5716248624838427,0.5724686020473946,0.7525265667233699
