,Corr_Coef,R2,MAE,MSE,RMSE
scores,0.8073525589640308,0.6493513953746337,0.543290547884473,0.5279656178826716,0.7256611793014428
